ws_ms,power_kw,ct
3.0,43.1,0.8023
3.5495,292.4,0.7806
4.0679,607.2,0.7779
4.5539,980.1,0.7815
5.0064,1401.1,0.7842
5.4244,1858.1,0.786
5.8069,2337.6,0.7865
6.153,2824.7,0.7859
6.4619,3304.2,0.7847
6.733,3760.9,0.7833
6.9655,4180.2,0.7818
7.1589,4541.5,0.7783
7.3128,4840.8,0.7783
7.4269,5070.9,0.7783
7.5009,5223.8,0.7783
7.5345,5294.4,0.7783
7.5412,5308.6,0.7783
7.5883,5408.7,0.7783
7.6757,5597.6,0.7783
7.8031,5881.0,0.7783
7.9702,6267.1,0.7783
8.1767,6767.0,0.7783
8.4221,7394.7,0.7783
8.7059,8167.6,0.7783
9.0273,9106.0,0.7783
9.3856,10233.9,0.7783
9.78,11579.1,0.7783
10.2096,13173.1,0.7783
10.6594,15000.0,0.7718
10.6735,15000.0,0.7457
11.1704,15000.0,0.56
11.6993,15000.0,0.4616
12.2589,15000.0,0.3875
12.848,15000.0,0.3285
13.4652,15000.0,0.2804
14.109,15000.0,0.2406
14.7781,15000.0,0.2074
15.4707,15000.0,0.1796
16.1854,15000.0,0.1562
16.9205,15000.0,0.1364
17.6743,15000.0,0.1196
18.4449,15000.0,0.1053
19.2308,15000.0,0.0931
20.0299,15000.0,0.0827
20.8406,15000.0,0.0737
21.6609,15000.0,0.066
22.4889,15000.0,0.0593
23.3227,15000.0,0.0536
24.1604,15000.0,0.0486
25.0,15000.0,0.0442
